id,created_at,folder,image_name,title,preview_url
11,2025-04-26 20:31:21.145401+00,commercial,BATMAN_WEB_WIDE_003.mp4,"Video - ðŸ¦‡ ",image (1).png
12,2025-04-26 20:33:02.97912+00,commercial,BATMAN_WEB_WIDE_007.mp4,"Video - ðŸ¦‡ ðŸ¦‡ ðŸ¦‡ ðŸ¦‡ ",image (2).png
6,2025-04-25 20:39:16.176353+00,personal,BLOCK_IMAGE_DOUBLE_1_2.png,description-3,Prop=BLOCK_MAIN_START.png
7,2025-04-25 20:40:17.36294+00,personal,BLOCK_IMAGE_TRIPLE_4_3.png,description-4,image (5).png
9,2025-04-26 18:24:48.802139+00,personal,COSSIE_ALT_C_004_02.mp4,video -Description,BLOCK_IMAGE_DOUBLE_1_2.png
3,2025-04-25 20:34:01.917841+00,commercial,image (1).png,description,image (3).png
4,2025-04-25 20:36:18.457167+00,commercial,image (2).png,description-1,image (1).png
5,2025-04-25 20:37:23.26817+00,commercial,image (3).png,description-2,image (2).png
8,2025-04-25 20:41:43.615769+00,personal,image (5).png,description-5,BLOCK_IMAGE_DOUBLE_1_2.png
10,2025-04-26 20:28:15.285574+00,personal,PASSAGE_WEB_002.mp4,Video -description,image (5).png
2,2025-04-25 13:19:24.746734+00,personal,Prop=BLOCK_MAIN_START.png,description about photo,BLOCK_IMAGE_TRIPLE_4_3.png